{
    "pending": {},
    "lastforged": 1869200000000,
    "lastpayout": 1542914372,
    "accounts": {
        "QLk2LNpRzzYqRhFPxSjJBa3CHrmH4keNow": {
            "pending": 0.0,
            "received": 11354.259981137267
        },
        "QZV9bzXGRL2u9pf6f8g66pcJ5eMTAa1R78": {
            "pending": 0.0,
            "received": 1730.1400188627324
        }
    }
}