{
    "pending": {},
    "lastforged": 14883600000000,
    "lastpayout": 1554043265,
    "accounts": {
        "QLk2LNpRzzYqRhFPxSjJBa3CHrmH4keNow": {
            "pending": 0.0,
            "received": 21126.737426158837
        },
        "QZV9bzXGRL2u9pf6f8g66pcJ5eMTAa1R78": {
            "pending": 0.0,
            "received": 27585.898055147263
        },
        "Qdun8wach8CDEoy9nVBwmjDcY4rPJhpLjP": {
            "pending": 0.0,
            "received": 19012.989211898537
        },
        "QixcDR6CVKcUwsspeanzpLQhk2Z8Jq5uJM": {
            "pending": 0.0,
            "received": 3924.6137101500144
        },
        "QVfT6qFjWUChg3spzfvvkCQA1sXUNHegGk": {
            "pending": 0.026999854207982385,
            "received": 587.1089490532795
        },
        "QUUPgCksQysmf97zmdU966atEAuJVkDsgP": {
            "pending": 0.0,
            "received": 2238.927669493929
        },
        "QSS7sVkLuq4WB8hpHVCBkYovi7ybbdKvPU": {
            "pending": 0.0,
            "received": 87.76192583690383
        },
        "QN7armsVU4cfZNi5CW4cyLgqKpTz6twtUT": {
            "pending": 0.0,
            "received": 873.7920022942991
        },
        "QQNw9TGFc3n7L14itBnUUEpdiS48WQ8Y1o": {
            "pending": 0.0,
            "received": 1666.310003889878
        },
        "QVSrmQCd7h9Y6C8dXPVBsS4NVoF7aeWEbb": {
            "pending": 0.0,
            "received": 32187.180934507167
        },
        "QcwDC8d4PgHTUunBcdvVXBQRnxyzpHoTor": {
            "pending": 0.0,
            "received": 304.7286873169128
        },
        "QRHUY2gByzwDi19kmHnJDcDMcgmv4zdxTL": {
            "pending": 0.0,
            "received": 40.13243007000072
        },
        "QZV66tB5R4XNxTTN6FRuLbs9YCaYGj2L2W": {
            "pending": 0.0,
            "received": 752.9281001616471
        },
        "QdNFhrZMJCza6w21DzJJTwP36urQAq4hTe": {
            "pending": 0.0,
            "received": 603.6513689678827
        },
        "QSf8uP9jBFVjD2iMCERB33CEdetfAmQ9b2": {
            "pending": 2.7238618220225215e-05,
            "received": 0.0
        },
        "QY4LFbTgGauG3ygxzfpH21YeTzPBJxEGU8": {
            "pending": 0.0,
            "received": 9767.940446276567
        },
        "QjKXnNovki82MkLNGmPp4gDBUo2vBpWHfi": {
            "pending": 0.0,
            "received": 0.34562230598299193
        },
        "QfGZwmYT313t7SE3hfWxCML4aW7X1PZiSe": {
            "pending": 0.0,
            "received": 2918.138591768998
        },
        "QYiTEAtvxpDycvSmk5DGEtrisJTXAa2BHh": {
            "pending": 0.0,
            "received": 498.7159476428114
        },
        "QiHfPRGvp25pvpmTLXBJ4kJgHByuAZyr2P": {
            "pending": 0.0,
            "received": 2174.771889966265
        }
    }
}