{
    "pending": {},
    "lastforged": 4479200000000,
    "lastpayout": 1548242049,
    "accounts": {
        "QLk2LNpRzzYqRhFPxSjJBa3CHrmH4keNow": {
            "pending": 0.0,
            "received": 18767.41633705745
        },
        "QZV9bzXGRL2u9pf6f8g66pcJ5eMTAa1R78": {
            "pending": 0.0,
            "received": 5782.377364868399
        },
        "Qdun8wach8CDEoy9nVBwmjDcY4rPJhpLjP": {
            "pending": 0.0,
            "received": 2879.99258792414
        },
        "QixcDR6CVKcUwsspeanzpLQhk2Z8Jq5uJM": {
            "pending": 0.0,
            "received": 3924.6137101500144
        }
    }
}