{
    "pending": {},
    "lastforged": 10446600000000,
    "lastpayout": 1552231745,
    "accounts": {
        "QLk2LNpRzzYqRhFPxSjJBa3CHrmH4keNow": {
            "pending": 0.0,
            "received": 21126.737426158837
        },
        "QZV9bzXGRL2u9pf6f8g66pcJ5eMTAa1R78": {
            "pending": 0.0,
            "received": 22866.25821103814
        },
        "Qdun8wach8CDEoy9nVBwmjDcY4rPJhpLjP": {
            "pending": 0.0,
            "received": 11059.681921941428
        },
        "QixcDR6CVKcUwsspeanzpLQhk2Z8Jq5uJM": {
            "pending": 0.0,
            "received": 3924.6137101500144
        },
        "QVfT6qFjWUChg3spzfvvkCQA1sXUNHegGk": {
            "pending": 0.026999854207982385,
            "received": 587.1089490532795
        },
        "QUUPgCksQysmf97zmdU966atEAuJVkDsgP": {
            "pending": 0.0,
            "received": 2238.927669493929
        },
        "QSS7sVkLuq4WB8hpHVCBkYovi7ybbdKvPU": {
            "pending": 0.0,
            "received": 87.76192583690383
        },
        "QN7armsVU4cfZNi5CW4cyLgqKpTz6twtUT": {
            "pending": 0.0,
            "received": 873.7920022942991
        },
        "QQNw9TGFc3n7L14itBnUUEpdiS48WQ8Y1o": {
            "pending": 0.0,
            "received": 1666.310003889878
        },
        "QVSrmQCd7h9Y6C8dXPVBsS4NVoF7aeWEbb": {
            "pending": 0.0,
            "received": 18630.335349886074
        },
        "QcwDC8d4PgHTUunBcdvVXBQRnxyzpHoTor": {
            "pending": 0.0,
            "received": 134.71151244161086
        },
        "QRHUY2gByzwDi19kmHnJDcDMcgmv4zdxTL": {
            "pending": 0.0,
            "received": 40.13243007000072
        },
        "QZV66tB5R4XNxTTN6FRuLbs9YCaYGj2L2W": {
            "pending": 0.0,
            "received": 752.9281001616471
        },
        "QdNFhrZMJCza6w21DzJJTwP36urQAq4hTe": {
            "pending": 0.0,
            "received": 211.8737877297532
        }
    }
}