{
    "pending": {},
    "lastforged": 29701600000000,
    "lastpayout": 1560088930,
    "accounts": {
        "QLk2LNpRzzYqRhFPxSjJBa3CHrmH4keNow": {
            "pending": 0,
            "received": 21126.737426158837
        },
        "QZV9bzXGRL2u9pf6f8g66pcJ5eMTAa1R78": {
            "pending": 0,
            "received": 27585.898055147263
        },
        "Qdun8wach8CDEoy9nVBwmjDcY4rPJhpLjP": {
            "pending": 0,
            "received": 42145.05291756526
        },
        "QixcDR6CVKcUwsspeanzpLQhk2Z8Jq5uJM": {
            "pending": 0,
            "received": 3924.6137101500144
        },
        "QVfT6qFjWUChg3spzfvvkCQA1sXUNHegGk": {
            "pending": 0.026999854207982385,
            "received": 587.1089490532795
        },
        "QUUPgCksQysmf97zmdU966atEAuJVkDsgP": {
            "pending": 0,
            "received": 2238.927669493929
        },
        "QSS7sVkLuq4WB8hpHVCBkYovi7ybbdKvPU": {
            "pending": 0,
            "received": 87.76192583690383
        },
        "QN7armsVU4cfZNi5CW4cyLgqKpTz6twtUT": {
            "pending": 0,
            "received": 873.7920022942991
        },
        "QQNw9TGFc3n7L14itBnUUEpdiS48WQ8Y1o": {
            "pending": 0,
            "received": 1666.310003889878
        },
        "QVSrmQCd7h9Y6C8dXPVBsS4NVoF7aeWEbb": {
            "pending": 0,
            "received": 65995.5620904315
        },
        "QcwDC8d4PgHTUunBcdvVXBQRnxyzpHoTor": {
            "pending": 0,
            "received": 1189.3068290446208
        },
        "QRHUY2gByzwDi19kmHnJDcDMcgmv4zdxTL": {
            "pending": 0,
            "received": 40.13243007000072
        },
        "QZV66tB5R4XNxTTN6FRuLbs9YCaYGj2L2W": {
            "pending": 0,
            "received": 752.9281001616471
        },
        "QdNFhrZMJCza6w21DzJJTwP36urQAq4hTe": {
            "pending": 0,
            "received": 1980.5073101913786
        },
        "QSf8uP9jBFVjD2iMCERB33CEdetfAmQ9b2": {
            "pending": 0.00003568663967313596,
            "received": 0
        },
        "QY4LFbTgGauG3ygxzfpH21YeTzPBJxEGU8": {
            "pending": 0,
            "received": 12931.2627930945
        },
        "QjKXnNovki82MkLNGmPp4gDBUo2vBpWHfi": {
            "pending": 0,
            "received": 0.34562230598299193
        },
        "QfGZwmYT313t7SE3hfWxCML4aW7X1PZiSe": {
            "pending": 0,
            "received": 2918.138591768998
        },
        "QYiTEAtvxpDycvSmk5DGEtrisJTXAa2BHh": {
            "pending": 0,
            "received": 585.8687948363287
        },
        "QiHfPRGvp25pvpmTLXBJ4kJgHByuAZyr2P": {
            "pending": 0,
            "received": 4460.677172689064
        },
        "Qga8vUBrhVNrB8rU5P8fcpAWGb444eGq51": {
            "pending": 0,
            "received": 4458.7487440715095
        },
        "QfXctmVRKZUi8UhJxhzQppb5PUDDmSRfxH": {
            "pending": 0,
            "received": 418.089854682068
        },
        "QTssvafiwQTLJFQLZNyRKcHjWe93o6d2DV": {
            "pending": 0,
            "received": 34695.517164063844
        },
        "Qa3zZiUJLx9gYHP6XWpMvYyZtXmQBUMisL": {
            "pending": 0,
            "received": 199.0739446955479
        },
        "QY4duDqWcTxMTbb9yCWYkQC3zu2qVSpfS2": {
            "pending": 0.10299149740767913,
            "received": 2683.712773199055
        },
        "Qjd2PoGu6ohyudEHtwoPNDVDvfXVv2XeAF": {
            "pending": 0.0012793345950772494,
            "received": 5449.97107576197
        },
        "QZGqnTiBFJJtDoFtDV15N8zc7F8aKuAwC5": {
            "pending": 0,
            "received": 1652.4001563768138
        },
        "QVhnHPar9YNUa5KFmgWPATALTztp8CMmGb": {
            "pending": 0,
            "received": 4479.011844017396
        },
        "QWxeeu3vCRcyWt32eqrooPaWZUXGT5XZje": {
            "pending": 0,
            "received": 15127.395976819203
        },
        "QV1PwJaknjnhqBTLw8N6WTc19a17jPUvVY": {
            "pending": 0,
            "received": 209.1807125579426
        },
        "QdCB76Z2BX9a1hTYTwANz5UV4BWq9vedDz": {
            "pending": 0.034053198092237745,
            "received": 0
        }
    }
}