{
    "pending": {},
    "lastforged": 6016600000000,
    "lastpayout": 1550419909,
    "accounts": {
        "QLk2LNpRzzYqRhFPxSjJBa3CHrmH4keNow": {
            "pending": 0.0,
            "received": 20976.137932288693
        },
        "QZV9bzXGRL2u9pf6f8g66pcJ5eMTAa1R78": {
            "pending": 0.0,
            "received": 8484.133176285479
        },
        "Qdun8wach8CDEoy9nVBwmjDcY4rPJhpLjP": {
            "pending": 0.0,
            "received": 4329.070783115904
        },
        "QixcDR6CVKcUwsspeanzpLQhk2Z8Jq5uJM": {
            "pending": 0.0,
            "received": 3924.6137101500144
        },
        "QVfT6qFjWUChg3spzfvvkCQA1sXUNHegGk": {
            "pending": 0.026999854207982385,
            "received": 68.50145966359202
        },
        "QUUPgCksQysmf97zmdU966atEAuJVkDsgP": {
            "pending": 0.0,
            "received": 196.59221124901174
        },
        "QSS7sVkLuq4WB8hpHVCBkYovi7ybbdKvPU": {
            "pending": 0.0,
            "received": 87.76192583690383
        },
        "QN7armsVU4cfZNi5CW4cyLgqKpTz6twtUT": {
            "pending": 0.0,
            "received": 873.7920022942991
        },
        "QQNw9TGFc3n7L14itBnUUEpdiS48WQ8Y1o": {
            "pending": 0.0,
            "received": 1666.310003889878
        },
        "QVSrmQCd7h9Y6C8dXPVBsS4NVoF7aeWEbb": {
            "pending": 0.0,
            "received": 1509.2597953720199
        }
    }
}