{
    "pending": {},
    "lastforged": "44421600000000",
    "lastpayout": 1566412561,
    "accounts": {
        "QLk2LNpRzzYqRhFPxSjJBa3CHrmH4keNow": {
            "pending": 0,
            "received": 21126.737426158837
        },
        "QZV9bzXGRL2u9pf6f8g66pcJ5eMTAa1R78": {
            "pending": 0,
            "received": 27585.898055147263
        },
        "Qdun8wach8CDEoy9nVBwmjDcY4rPJhpLjP": {
            "pending": 0,
            "received": 44654.77997218767
        },
        "QixcDR6CVKcUwsspeanzpLQhk2Z8Jq5uJM": {
            "pending": 0,
            "received": 3924.6137101500144
        },
        "QVfT6qFjWUChg3spzfvvkCQA1sXUNHegGk": {
            "pending": 0.026999854207982385,
            "received": 587.1089490532795
        },
        "QUUPgCksQysmf97zmdU966atEAuJVkDsgP": {
            "pending": 0,
            "received": 2238.927669493929
        },
        "QSS7sVkLuq4WB8hpHVCBkYovi7ybbdKvPU": {
            "pending": 0,
            "received": 87.76192583690383
        },
        "QN7armsVU4cfZNi5CW4cyLgqKpTz6twtUT": {
            "pending": 0,
            "received": 873.7920022942991
        },
        "QQNw9TGFc3n7L14itBnUUEpdiS48WQ8Y1o": {
            "pending": 0,
            "received": 1666.310003889878
        },
        "QVSrmQCd7h9Y6C8dXPVBsS4NVoF7aeWEbb": {
            "pending": 0,
            "received": 113603.6397949486
        },
        "QcwDC8d4PgHTUunBcdvVXBQRnxyzpHoTor": {
            "pending": 0,
            "received": 2711.1518868450053
        },
        "QRHUY2gByzwDi19kmHnJDcDMcgmv4zdxTL": {
            "pending": 0,
            "received": 40.13243007000072
        },
        "QZV66tB5R4XNxTTN6FRuLbs9YCaYGj2L2W": {
            "pending": 0,
            "received": 752.9281001616471
        },
        "QdNFhrZMJCza6w21DzJJTwP36urQAq4hTe": {
            "pending": 0,
            "received": 4369.923522914189
        },
        "QSf8uP9jBFVjD2iMCERB33CEdetfAmQ9b2": {
            "pending": 0.00003568663967313596,
            "received": 0
        },
        "QY4LFbTgGauG3ygxzfpH21YeTzPBJxEGU8": {
            "pending": 0,
            "received": 12931.2627930945
        },
        "QjKXnNovki82MkLNGmPp4gDBUo2vBpWHfi": {
            "pending": 0,
            "received": 0.34562230598299193
        },
        "QfGZwmYT313t7SE3hfWxCML4aW7X1PZiSe": {
            "pending": 0,
            "received": 2918.138591768998
        },
        "QYiTEAtvxpDycvSmk5DGEtrisJTXAa2BHh": {
            "pending": 0,
            "received": 585.8687948363287
        },
        "QiHfPRGvp25pvpmTLXBJ4kJgHByuAZyr2P": {
            "pending": 0,
            "received": 4460.677172689064
        },
        "Qga8vUBrhVNrB8rU5P8fcpAWGb444eGq51": {
            "pending": 0,
            "received": 4458.7487440715095
        },
        "QfXctmVRKZUi8UhJxhzQppb5PUDDmSRfxH": {
            "pending": 0,
            "received": 418.089854682068
        },
        "QTssvafiwQTLJFQLZNyRKcHjWe93o6d2DV": {
            "pending": 0,
            "received": 38677.841452444656
        },
        "Qa3zZiUJLx9gYHP6XWpMvYyZtXmQBUMisL": {
            "pending": 0,
            "received": 199.0739446955479
        },
        "QY4duDqWcTxMTbb9yCWYkQC3zu2qVSpfS2": {
            "pending": 0.10299149740767913,
            "received": 10363.455221619744
        },
        "Qjd2PoGu6ohyudEHtwoPNDVDvfXVv2XeAF": {
            "pending": 0.0012793345950772494,
            "received": 7834.715347216995
        },
        "QZGqnTiBFJJtDoFtDV15N8zc7F8aKuAwC5": {
            "pending": 0,
            "received": 1652.4001563768138
        },
        "QVhnHPar9YNUa5KFmgWPATALTztp8CMmGb": {
            "pending": 0,
            "received": 5400.70794009747
        },
        "QWxeeu3vCRcyWt32eqrooPaWZUXGT5XZje": {
            "pending": 0,
            "received": 15127.395976819203
        },
        "QV1PwJaknjnhqBTLw8N6WTc19a17jPUvVY": {
            "pending": 0,
            "received": 209.1807125579426
        },
        "QdCB76Z2BX9a1hTYTwANz5UV4BWq9vedDz": {
            "pending": 0.025598798419400208,
            "received": 0.20789407760320963
        },
        "QTk1JMqW1fVwCB9pVp53koMwMtD6fGtgbB": {
            "pending": 0,
            "received": 15529.660984129812
        },
        "QjaXbw74Bge5EKJJB6dwNsMdtKGcLhmzA1": {
            "pending": 0,
            "received": 2074.010637677423
        },
        "QUJ3YAwwUo3322iuDAuoSacXxdvDEG1pnj": {
            "pending": 0,
            "received": 1980.1680787169628
        },
        "QN75cfkLuX9yaFjxKrpKmLZVaRsPvPELQ6": {
            "pending": 0,
            "received": 2291.2745249915083
        },
        "QVvZhHykZ6XBTpzcV7V8pagaTZtHLk5NSe": {
            "pending": 0,
            "received": 2906.1219656592375
        },
        "QYDefXMWZoZBEZxX5ipk79BcESwxzV7eNb": {
            "pending": 0,
            "received": 5715.2799430487785
        },
        "QTFYyhBY2ZEqYngrLCCYtFRdBcCXgvy55j": {
            "pending": 0,
            "received": 542.6044507906839
        },
        "Qe3igRdqXi8hTsa29Jvzs6xcwRo8zDfNXD": {
            "pending": 0,
            "received": 910.7192204467626
        },
        "QgYGJh4U2gQqt5zy2BHhaifHmazgqJYjja": {
            "pending": 0,
            "received": 11508.750489927648
        },
        "QU6bE4iMfLNdhU4STfAbsXHxQ451d4Dqip": {
            "pending": 0,
            "received": 550.2867688844458
        },
        "QcFtANLhN49ZST4ReuGeMUFbXGk1y2iCL1": {
            "pending": 0,
            "received": 7368.472883591533
        },
        "QRXQCakRNe4J81XSTZhZbyFi5sSoMhQV8U": {
            "pending": 0,
            "received": 186.0634021233799
        },
        "QhLGuphgA3uFJGH8ge2rGGs2m8oa6uC67S": {
            "pending": 0,
            "received": 6967.687803966799
        },
        "QfyJKz1ZxbkPRrGv6c1H99nFJMeXiSZqbp": {
            "pending": 0,
            "received": 4951.126272367792
        }
    }
}